#------------------------------------        CATEGORIE STATO DI SALUTE        ------------------------------------#
#CATEGORIE STATO DI SALUTE
#tabella: event_category
insert into event_category (id, name) values (4,'Parametri');
#------------------------------------        FIGURE CATEGORIE STATO DI SALUTE        ------------------------------------#

#------------------------------------        TIPI DI STATO DI SALUTE        ------------------------------------#
#TIPI DI STATO DI SALUTE
#tabella: event_type
#PARAMETRI
insert into event_type (id, name, id_category) values (10,'Pressione arteriosa',4);
insert into event_type (id, name, id_category) values (11,'Frequenza cardiaca',4);
insert into event_type (id, name, id_category) values (12,'Temperatura corporea',4);
#------------------------------------        FINE TIPI DI STATO DI SALUTE        ------------------------------------#

#------------------------------------        STATO DI SALUTE        ------------------------------------#
#STATO DI SALUTE
#tabella: health_status
#PRESSIONE ARTERIOSA
insert into health_status(id,created_on,id_resident,id_type)values(1,'2018/01/01 15:32',851,10);
insert into health_status(id,created_on,id_resident,id_type)values(2,'2018/01/02 19:27',851,10);
insert into health_status(id,created_on,id_resident,id_type)values(3,'2018/01/03 12:43',851,10);
insert into health_status(id,created_on,id_resident,id_type)values(4,'2018/01/04 12:58',851,10);
insert into health_status(id,created_on,id_resident,id_type)values(5,'2018/01/05 14:53',851,10);
insert into health_status(id,created_on,id_resident,id_type)values(6,'2018/01/06 17:14',851,10);
insert into health_status(id,created_on,id_resident,id_type)values(7,'2018/01/07 13:39',851,10);
insert into health_status(id,created_on,id_resident,id_type)values(8,'2018/01/08 10:23',851,10);
insert into health_status(id,created_on,id_resident,id_type)values(9,'2018/01/09 17:55',851,10);
insert into health_status(id,created_on,id_resident,id_type)values(10,'2018/01/10 18:25',851,10);
insert into health_status(id,created_on,id_resident,id_type)values(11,'2018/01/11 10:30',851,10);
insert into health_status(id,created_on,id_resident,id_type)values(12,'2018/01/12 10:34',851,10);
insert into health_status(id,created_on,id_resident,id_type)values(13,'2018/01/13 18:49',851,10);
insert into health_status(id,created_on,id_resident,id_type)values(14,'2018/01/14 12:44',851,10);
insert into health_status(id,created_on,id_resident,id_type)values(15,'2018/01/15 14:38',851,10);
insert into health_status(id,created_on,id_resident,id_type)values(16,'2018/01/16 11:10',851,10);
insert into health_status(id,created_on,id_resident,id_type)values(17,'2018/01/17 15:36',851,10);
insert into health_status(id,created_on,id_resident,id_type)values(18,'2018/01/18 13:20',851,10);
insert into health_status(id,created_on,id_resident,id_type)values(19,'2018/01/19 12:24',851,10);
insert into health_status(id,created_on,id_resident,id_type)values(20,'2018/01/20 12:55',851,10);
insert into health_status(id,created_on,id_resident,id_type)values(21,'2018/01/21 16:25',851,10);
insert into health_status(id,created_on,id_resident,id_type)values(22,'2018/01/22 14:30',851,10);
insert into health_status(id,created_on,id_resident,id_type)values(23,'2018/01/23 13:57',851,10);
insert into health_status(id,created_on,id_resident,id_type)values(24,'2018/01/24 12:28',851,10);
insert into health_status(id,created_on,id_resident,id_type)values(25,'2018/01/25 15:21',851,10);
insert into health_status(id,created_on,id_resident,id_type)values(26,'2018/01/26 12:12',851,10);
insert into health_status(id,created_on,id_resident,id_type)values(27,'2018/01/27 13:20',851,10);
insert into health_status(id,created_on,id_resident,id_type)values(28,'2018/01/28 12:48',851,10);
insert into health_status(id,created_on,id_resident,id_type)values(29,'2018/01/29 17:11',851,10);
insert into health_status(id,created_on,id_resident,id_type)values(30,'2018/01/30 11:14',851,10);
insert into health_status(id,created_on,id_resident,id_type)values(31,'2018/01/31 16:19',851,10);
insert into health_status(id,created_on,id_resident,id_type)values(32,'2018/02/01 13:41',851,10);
insert into health_status(id,created_on,id_resident,id_type)values(33,'2018/02/02 16:16',851,10);
insert into health_status(id,created_on,id_resident,id_type)values(34,'2018/02/03 17:45',851,10);
insert into health_status(id,created_on,id_resident,id_type)values(35,'2018/02/04 13:55',851,10);
insert into health_status(id,created_on,id_resident,id_type)values(36,'2018/02/05 19:58',851,10);
insert into health_status(id,created_on,id_resident,id_type)values(37,'2018/02/06 10:10',851,10);
insert into health_status(id,created_on,id_resident,id_type)values(38,'2018/02/07 18:52',851,10);
insert into health_status(id,created_on,id_resident,id_type)values(39,'2018/02/08 17:28',851,10);
insert into health_status(id,created_on,id_resident,id_type)values(40,'2018/02/09 12:53',851,10);
insert into health_status(id,created_on,id_resident,id_type)values(41,'2018/02/10 17:13',851,10);
insert into health_status(id,created_on,id_resident,id_type)values(42,'2018/02/11 15:56',851,10);
insert into health_status(id,created_on,id_resident,id_type)values(43,'2018/02/12 13:54',851,10);
insert into health_status(id,created_on,id_resident,id_type)values(44,'2018/02/13 12:19',851,10);
insert into health_status(id,created_on,id_resident,id_type)values(45,'2018/02/14 10:38',851,10);
insert into health_status(id,created_on,id_resident,id_type)values(46,'2018/02/15 10:25',851,10);
insert into health_status(id,created_on,id_resident,id_type)values(47,'2018/02/16 13:40',851,10);
insert into health_status(id,created_on,id_resident,id_type)values(48,'2018/02/17 14:36',851,10);
insert into health_status(id,created_on,id_resident,id_type)values(49,'2018/02/18 17:49',851,10);
insert into health_status(id,created_on,id_resident,id_type)values(50,'2018/02/19 18:30',851,10);
insert into health_status(id,created_on,id_resident,id_type)values(51,'2018/02/20 19:57',851,10);
insert into health_status(id,created_on,id_resident,id_type)values(52,'2018/02/21 13:39',851,10);
insert into health_status(id,created_on,id_resident,id_type)values(53,'2018/02/22 10:50',851,10);
insert into health_status(id,created_on,id_resident,id_type)values(54,'2018/02/23 16:42',851,10);
insert into health_status(id,created_on,id_resident,id_type)values(55,'2018/02/24 17:13',851,10);
insert into health_status(id,created_on,id_resident,id_type)values(56,'2018/02/25 17:31',851,10);
insert into health_status(id,created_on,id_resident,id_type)values(57,'2018/02/26 14:15',851,10);
insert into health_status(id,created_on,id_resident,id_type)values(58,'2018/02/27 13:31',851,10);
insert into health_status(id,created_on,id_resident,id_type)values(59,'2018/02/28 12:12',851,10);
insert into health_status(id,created_on,id_resident,id_type)values(60,'2018/03/01 17:26',851,10);
insert into health_status(id,created_on,id_resident,id_type)values(61,'2018/03/02 12:36',851,10);
insert into health_status(id,created_on,id_resident,id_type)values(62,'2018/03/03 11:57',851,10);
insert into health_status(id,created_on,id_resident,id_type)values(63,'2018/03/04 13:27',851,10);
insert into health_status(id,created_on,id_resident,id_type)values(64,'2018/03/05 16:43',851,10);
insert into health_status(id,created_on,id_resident,id_type)values(65,'2018/03/06 14:36',851,10);
insert into health_status(id,created_on,id_resident,id_type)values(66,'2018/03/07 10:47',851,10);
insert into health_status(id,created_on,id_resident,id_type)values(67,'2018/03/08 17:36',851,10);
insert into health_status(id,created_on,id_resident,id_type)values(68,'2018/03/09 10:15',851,10);
insert into health_status(id,created_on,id_resident,id_type)values(69,'2018/03/10 11:48',851,10);
insert into health_status(id,created_on,id_resident,id_type)values(70,'2018/03/11 16:48',851,10);
insert into health_status(id,created_on,id_resident,id_type)values(71,'2018/03/12 10:18',851,10);
insert into health_status(id,created_on,id_resident,id_type)values(72,'2018/03/13 14:18',851,10);
insert into health_status(id,created_on,id_resident,id_type)values(73,'2018/03/14 15:13',851,10);
insert into health_status(id,created_on,id_resident,id_type)values(74,'2018/03/15 19:58',851,10);
insert into health_status(id,created_on,id_resident,id_type)values(75,'2018/03/16 18:54',851,10);
insert into health_status(id,created_on,id_resident,id_type)values(76,'2018/03/17 16:41',851,10);
insert into health_status(id,created_on,id_resident,id_type)values(77,'2018/03/18 11:53',851,10);
insert into health_status(id,created_on,id_resident,id_type)values(78,'2018/03/19 12:28',851,10);
insert into health_status(id,created_on,id_resident,id_type)values(79,'2018/03/20 13:55',851,10);
insert into health_status(id,created_on,id_resident,id_type)values(80,'2018/03/21 12:10',851,10);
insert into health_status(id,created_on,id_resident,id_type)values(81,'2018/03/22 14:32',851,10);
insert into health_status(id,created_on,id_resident,id_type)values(82,'2018/03/23 18:10',851,10);
insert into health_status(id,created_on,id_resident,id_type)values(83,'2018/03/24 19:53',851,10);
insert into health_status(id,created_on,id_resident,id_type)values(84,'2018/03/25 14:16',851,10);
insert into health_status(id,created_on,id_resident,id_type)values(85,'2018/03/26 12:19',851,10);
insert into health_status(id,created_on,id_resident,id_type)values(86,'2018/03/27 14:36',851,10);
insert into health_status(id,created_on,id_resident,id_type)values(87,'2018/03/28 15:41',851,10);
insert into health_status(id,created_on,id_resident,id_type)values(88,'2018/03/29 10:28',851,10);
insert into health_status(id,created_on,id_resident,id_type)values(89,'2018/03/30 10:30',851,10);
insert into health_status(id,created_on,id_resident,id_type)values(90,'2018/03/31 12:19',851,10);
insert into health_status(id,created_on,id_resident,id_type)values(91,'2018/04/01 13:55',851,10);
insert into health_status(id,created_on,id_resident,id_type)values(92,'2018/04/02 15:44',851,10);
insert into health_status(id,created_on,id_resident,id_type)values(93,'2018/04/03 10:57',851,10);
insert into health_status(id,created_on,id_resident,id_type)values(94,'2018/04/04 19:20',851,10);
insert into health_status(id,created_on,id_resident,id_type)values(95,'2018/04/05 16:10',851,10);
insert into health_status(id,created_on,id_resident,id_type)values(96,'2018/04/06 19:32',851,10);
insert into health_status(id,created_on,id_resident,id_type)values(97,'2018/04/07 18:39',851,10);
insert into health_status(id,created_on,id_resident,id_type)values(98,'2018/04/08 14:31',851,10);
insert into health_status(id,created_on,id_resident,id_type)values(99,'2018/04/09 18:16',851,10);
insert into health_status(id,created_on,id_resident,id_type)values(100,'2018/04/10 15:53',851,10);
insert into health_status(id,created_on,id_resident,id_type)values(101,'2018/04/11 16:23',851,10);
insert into health_status(id,created_on,id_resident,id_type)values(102,'2018/04/12 17:23',851,10);
insert into health_status(id,created_on,id_resident,id_type)values(103,'2018/04/13 18:37',851,10);
insert into health_status(id,created_on,id_resident,id_type)values(104,'2018/04/14 13:42',851,10);
insert into health_status(id,created_on,id_resident,id_type)values(105,'2018/04/15 16:29',851,10);
insert into health_status(id,created_on,id_resident,id_type)values(106,'2018/04/16 19:15',851,10);
insert into health_status(id,created_on,id_resident,id_type)values(107,'2018/04/17 16:37',851,10);
insert into health_status(id,created_on,id_resident,id_type)values(108,'2018/04/18 18:51',851,10);
insert into health_status(id,created_on,id_resident,id_type)values(109,'2018/04/19 19:10',851,10);
insert into health_status(id,created_on,id_resident,id_type)values(110,'2018/04/20 19:30',851,10);
insert into health_status(id,created_on,id_resident,id_type)values(111,'2018/04/21 15:57',851,10);
insert into health_status(id,created_on,id_resident,id_type)values(112,'2018/04/22 12:12',851,10);
insert into health_status(id,created_on,id_resident,id_type)values(113,'2018/04/23 16:23',851,10);
insert into health_status(id,created_on,id_resident,id_type)values(114,'2018/04/24 10:47',851,10);
insert into health_status(id,created_on,id_resident,id_type)values(115,'2018/04/25 13:14',851,10);
insert into health_status(id,created_on,id_resident,id_type)values(116,'2018/04/26 14:56',851,10);
insert into health_status(id,created_on,id_resident,id_type)values(117,'2018/04/27 18:46',851,10);
insert into health_status(id,created_on,id_resident,id_type)values(118,'2018/04/28 10:22',851,10);
insert into health_status(id,created_on,id_resident,id_type)values(119,'2018/04/29 13:40',851,10);
insert into health_status(id,created_on,id_resident,id_type)values(120,'2018/04/30 14:13',851,10);
insert into health_status(id,created_on,id_resident,id_type)values(121,'2018/05/01 19:26',851,10);
insert into health_status(id,created_on,id_resident,id_type)values(122,'2018/05/02 19:46',851,10);
insert into health_status(id,created_on,id_resident,id_type)values(123,'2018/05/03 19:29',851,10);
insert into health_status(id,created_on,id_resident,id_type)values(124,'2018/05/04 19:53',851,10);
insert into health_status(id,created_on,id_resident,id_type)values(125,'2018/05/05 17:57',851,10);
insert into health_status(id,created_on,id_resident,id_type)values(126,'2018/05/06 17:23',851,10);
insert into health_status(id,created_on,id_resident,id_type)values(127,'2018/05/07 17:24',851,10);
insert into health_status(id,created_on,id_resident,id_type)values(128,'2018/05/08 13:24',851,10);
insert into health_status(id,created_on,id_resident,id_type)values(129,'2018/05/09 13:22',851,10);
insert into health_status(id,created_on,id_resident,id_type)values(130,'2018/05/10 17:46',851,10);
insert into health_status(id,created_on,id_resident,id_type)values(131,'2018/05/11 10:41',851,10);
insert into health_status(id,created_on,id_resident,id_type)values(132,'2018/05/12 19:19',851,10);
insert into health_status(id,created_on,id_resident,id_type)values(133,'2018/05/13 17:52',851,10);
insert into health_status(id,created_on,id_resident,id_type)values(134,'2018/05/14 14:14',851,10);
insert into health_status(id,created_on,id_resident,id_type)values(135,'2018/05/15 14:53',851,10);
insert into health_status(id,created_on,id_resident,id_type)values(136,'2018/05/16 18:44',851,10);
insert into health_status(id,created_on,id_resident,id_type)values(137,'2018/05/17 17:21',851,10);
insert into health_status(id,created_on,id_resident,id_type)values(138,'2018/05/18 12:54',851,10);
insert into health_status(id,created_on,id_resident,id_type)values(139,'2018/05/19 15:28',851,10);
insert into health_status(id,created_on,id_resident,id_type)values(140,'2018/05/20 11:25',851,10);
insert into health_status(id,created_on,id_resident,id_type)values(141,'2018/05/21 10:44',851,10);
insert into health_status(id,created_on,id_resident,id_type)values(142,'2018/05/22 19:45',851,10);
insert into health_status(id,created_on,id_resident,id_type)values(143,'2018/05/23 16:37',851,10);
insert into health_status(id,created_on,id_resident,id_type)values(144,'2018/05/24 18:50',851,10);
insert into health_status(id,created_on,id_resident,id_type)values(145,'2018/05/25 15:39',851,10);
insert into health_status(id,created_on,id_resident,id_type)values(146,'2018/05/26 14:20',851,10);
insert into health_status(id,created_on,id_resident,id_type)values(147,'2018/05/27 17:58',851,10);
insert into health_status(id,created_on,id_resident,id_type)values(148,'2018/05/28 16:11',851,10);
insert into health_status(id,created_on,id_resident,id_type)values(149,'2018/05/29 18:41',851,10);
insert into health_status(id,created_on,id_resident,id_type)values(150,'2018/05/30 17:12',851,10);
insert into health_status(id,created_on,id_resident,id_type)values(151,'2018/05/31 18:46',851,10);
insert into health_status(id,created_on,id_resident,id_type)values(152,'2018/06/01 13:32',851,10);
insert into health_status(id,created_on,id_resident,id_type)values(153,'2018/06/02 11:29',851,10);
insert into health_status(id,created_on,id_resident,id_type)values(154,'2018/06/03 18:21',851,10);
insert into health_status(id,created_on,id_resident,id_type)values(155,'2018/06/04 18:30',851,10);
insert into health_status(id,created_on,id_resident,id_type)values(156,'2018/06/05 11:37',851,10);
insert into health_status(id,created_on,id_resident,id_type)values(157,'2018/06/06 18:20',851,10);
insert into health_status(id,created_on,id_resident,id_type)values(158,'2018/06/07 10:14',851,10);
insert into health_status(id,created_on,id_resident,id_type)values(159,'2018/06/08 18:38',851,10);
insert into health_status(id,created_on,id_resident,id_type)values(160,'2018/06/09 13:24',851,10);
insert into health_status(id,created_on,id_resident,id_type)values(161,'2018/06/10 14:33',851,10);
insert into health_status(id,created_on,id_resident,id_type)values(162,'2018/06/11 13:18',851,10);
insert into health_status(id,created_on,id_resident,id_type)values(163,'2018/06/12 14:32',851,10);
insert into health_status(id,created_on,id_resident,id_type)values(164,'2018/06/13 15:51',851,10);
insert into health_status(id,created_on,id_resident,id_type)values(165,'2018/06/14 13:21',851,10);
insert into health_status(id,created_on,id_resident,id_type)values(166,'2018/06/15 15:52',851,10);
insert into health_status(id,created_on,id_resident,id_type)values(167,'2018/06/16 15:22',851,10);
insert into health_status(id,created_on,id_resident,id_type)values(168,'2018/06/17 17:11',851,10);
insert into health_status(id,created_on,id_resident,id_type)values(169,'2018/06/18 17:40',851,10);
insert into health_status(id,created_on,id_resident,id_type)values(170,'2018/06/19 16:31',851,10);
insert into health_status(id,created_on,id_resident,id_type)values(171,'2018/06/20 15:22',851,10);


#FREQUENZA CARDIACA
insert into health_status(id,created_on,id_resident,id_type)values(172,'2018/01/03 18:31',851,11);
insert into health_status(id,created_on,id_resident,id_type)values(173,'2018/01/06 17:19',851,11);
insert into health_status(id,created_on,id_resident,id_type)values(174,'2018/01/09 15:20',851,11);
insert into health_status(id,created_on,id_resident,id_type)values(175,'2018/01/12 10:53',851,11);
insert into health_status(id,created_on,id_resident,id_type)values(176,'2018/01/15 18:53',851,11);
insert into health_status(id,created_on,id_resident,id_type)values(177,'2018/01/18 13:23',851,11);
insert into health_status(id,created_on,id_resident,id_type)values(178,'2018/01/21 13:21',851,11);
insert into health_status(id,created_on,id_resident,id_type)values(179,'2018/01/24 11:32',851,11);
insert into health_status(id,created_on,id_resident,id_type)values(180,'2018/01/27 19:41',851,11);
insert into health_status(id,created_on,id_resident,id_type)values(181,'2018/01/30 11:41',851,11);
insert into health_status(id,created_on,id_resident,id_type)values(182,'2018/02/02 16:31',851,11);
insert into health_status(id,created_on,id_resident,id_type)values(183,'2018/02/05 18:19',851,11);
insert into health_status(id,created_on,id_resident,id_type)values(184,'2018/02/08 18:29',851,11);
insert into health_status(id,created_on,id_resident,id_type)values(185,'2018/02/11 10:12',851,11);
insert into health_status(id,created_on,id_resident,id_type)values(186,'2018/02/14 16:29',851,11);
insert into health_status(id,created_on,id_resident,id_type)values(187,'2018/02/17 18:46',851,11);
insert into health_status(id,created_on,id_resident,id_type)values(188,'2018/02/20 12:42',851,11);
insert into health_status(id,created_on,id_resident,id_type)values(189,'2018/02/23 13:10',851,11);
insert into health_status(id,created_on,id_resident,id_type)values(190,'2018/02/26 15:53',851,11);
insert into health_status(id,created_on,id_resident,id_type)values(191,'2018/03/01 16:52',851,11);
insert into health_status(id,created_on,id_resident,id_type)values(192,'2018/03/04 13:48',851,11);
insert into health_status(id,created_on,id_resident,id_type)values(193,'2018/03/07 17:42',851,11);
insert into health_status(id,created_on,id_resident,id_type)values(194,'2018/03/10 18:18',851,11);
insert into health_status(id,created_on,id_resident,id_type)values(195,'2018/03/13 12:19',851,11);
insert into health_status(id,created_on,id_resident,id_type)values(196,'2018/03/16 11:17',851,11);
insert into health_status(id,created_on,id_resident,id_type)values(197,'2018/03/19 12:50',851,11);
insert into health_status(id,created_on,id_resident,id_type)values(198,'2018/03/22 11:43',851,11);
insert into health_status(id,created_on,id_resident,id_type)values(199,'2018/03/25 12:25',851,11);
insert into health_status(id,created_on,id_resident,id_type)values(200,'2018/03/28 10:49',851,11);
insert into health_status(id,created_on,id_resident,id_type)values(201,'2018/03/31 19:32',851,11);
insert into health_status(id,created_on,id_resident,id_type)values(202,'2018/04/03 14:48',851,11);
insert into health_status(id,created_on,id_resident,id_type)values(203,'2018/04/06 18:28',851,11);
insert into health_status(id,created_on,id_resident,id_type)values(204,'2018/04/09 14:43',851,11);
insert into health_status(id,created_on,id_resident,id_type)values(205,'2018/04/12 18:32',851,11);
insert into health_status(id,created_on,id_resident,id_type)values(206,'2018/04/15 17:52',851,11);
insert into health_status(id,created_on,id_resident,id_type)values(207,'2018/04/18 19:35',851,11);
insert into health_status(id,created_on,id_resident,id_type)values(208,'2018/04/21 11:29',851,11);
insert into health_status(id,created_on,id_resident,id_type)values(209,'2018/04/24 14:40',851,11);
insert into health_status(id,created_on,id_resident,id_type)values(210,'2018/04/27 10:40',851,11);
insert into health_status(id,created_on,id_resident,id_type)values(211,'2018/04/30 12:41',851,11);
insert into health_status(id,created_on,id_resident,id_type)values(212,'2018/05/03 17:21',851,11);
insert into health_status(id,created_on,id_resident,id_type)values(213,'2018/05/06 12:54',851,11);
insert into health_status(id,created_on,id_resident,id_type)values(214,'2018/05/09 16:33',851,11);
insert into health_status(id,created_on,id_resident,id_type)values(215,'2018/05/12 12:25',851,11);
insert into health_status(id,created_on,id_resident,id_type)values(216,'2018/05/15 11:33',851,11);
insert into health_status(id,created_on,id_resident,id_type)values(217,'2018/05/18 16:40',851,11);
insert into health_status(id,created_on,id_resident,id_type)values(218,'2018/05/21 18:45',851,11);
insert into health_status(id,created_on,id_resident,id_type)values(219,'2018/05/24 14:20',851,11);
insert into health_status(id,created_on,id_resident,id_type)values(220,'2018/05/27 13:49',851,11);
insert into health_status(id,created_on,id_resident,id_type)values(221,'2018/05/30 18:21',851,11);
insert into health_status(id,created_on,id_resident,id_type)values(222,'2018/06/02 11:21',851,11);
insert into health_status(id,created_on,id_resident,id_type)values(223,'2018/06/05 15:55',851,11);
insert into health_status(id,created_on,id_resident,id_type)values(224,'2018/06/08 19:51',851,11);
insert into health_status(id,created_on,id_resident,id_type)values(225,'2018/06/11 17:35',851,11);
insert into health_status(id,created_on,id_resident,id_type)values(226,'2018/06/14 12:26',851,11);
insert into health_status(id,created_on,id_resident,id_type)values(227,'2018/06/17 18:13',851,11);
insert into health_status(id,created_on,id_resident,id_type)values(228,'2018/06/20 18:29',851,11);

#TEMPERATURA CORPOREA
insert into health_status(id,created_on,id_resident,id_type)values(229,'2018/01/07 12:36',851,12);
insert into health_status(id,created_on,id_resident,id_type)values(230,'2018/01/14 17:35',851,12);
insert into health_status(id,created_on,id_resident,id_type)values(231,'2018/01/21 16:19',851,12);
insert into health_status(id,created_on,id_resident,id_type)values(232,'2018/01/28 11:34',851,12);
insert into health_status(id,created_on,id_resident,id_type)values(233,'2018/02/04 13:27',851,12);
insert into health_status(id,created_on,id_resident,id_type)values(234,'2018/02/11 10:21',851,12);
insert into health_status(id,created_on,id_resident,id_type)values(235,'2018/02/18 18:49',851,12);
insert into health_status(id,created_on,id_resident,id_type)values(236,'2018/02/25 10:18',851,12);
insert into health_status(id,created_on,id_resident,id_type)values(237,'2018/03/04 10:51',851,12);
insert into health_status(id,created_on,id_resident,id_type)values(238,'2018/03/11 14:40',851,12);
insert into health_status(id,created_on,id_resident,id_type)values(239,'2018/03/18 10:30',851,12);
insert into health_status(id,created_on,id_resident,id_type)values(240,'2018/03/25 10:51',851,12);
insert into health_status(id,created_on,id_resident,id_type)values(241,'2018/04/01 15:30',851,12);
insert into health_status(id,created_on,id_resident,id_type)values(242,'2018/04/08 19:34',851,12);
insert into health_status(id,created_on,id_resident,id_type)values(243,'2018/04/15 19:30',851,12);
insert into health_status(id,created_on,id_resident,id_type)values(244,'2018/04/22 14:25',851,12);
insert into health_status(id,created_on,id_resident,id_type)values(245,'2018/04/29 12:54',851,12);
insert into health_status(id,created_on,id_resident,id_type)values(246,'2018/05/06 12:11',851,12);
insert into health_status(id,created_on,id_resident,id_type)values(247,'2018/05/13 10:50',851,12);
insert into health_status(id,created_on,id_resident,id_type)values(248,'2018/05/20 18:10',851,12);
insert into health_status(id,created_on,id_resident,id_type)values(249,'2018/05/27 13:37',851,12);
insert into health_status(id,created_on,id_resident,id_type)values(250,'2018/06/03 13:32',851,12);
insert into health_status(id,created_on,id_resident,id_type)values(251,'2018/06/10 14:52',851,12);
insert into health_status(id,created_on,id_resident,id_type)values(252,'2018/06/17 18:33',851,12);
insert into health_status(id,created_on,id_resident,id_type)values(253,'2018/06/24 17:56',851,12);


#------------------------------------        FINE STATO DI SALUTE        ------------------------------------#

#------------------------------------        INDICATOR STATO DI SALUTE        ------------------------------------#
#VALORI DEI STATO DI SALUTE
#tabella: event_extra_param
#PRESSIONE ARTERIOSA
insert into event_extra_param(id,value_text,created_by,id_primary_need)values(2224,'Valori nella norma',113,1);
insert into event_extra_param(id,value_text,created_by,id_primary_need)values(2225,'Valori nella norma',177,2);
insert into event_extra_param(id,value_text,created_by,id_primary_need)values(2226,'Valori nella norma',68,3);
insert into event_extra_param(id,value_text,created_by,id_primary_need)values(2227,'Valori nella norma',117,4);
insert into event_extra_param(id,value_text,created_by,id_primary_need)values(2228,'Valori nella norma',250,5);
insert into event_extra_param(id,value_text,created_by,id_primary_need)values(2229,'Valori nella norma',223,6);
insert into event_extra_param(id,value_text,created_by,id_primary_need)values(2230,'Valori nella norma',73,7);
insert into event_extra_param(id,value_text,created_by,id_primary_need)values(2231,'Valori nella norma',208,8);
insert into event_extra_param(id,value_text,created_by,id_primary_need)values(2232,'Valori nella norma',128,9);
insert into event_extra_param(id,value_text,created_by,id_primary_need)values(2233,'Valori nella norma',150,10);
insert into event_extra_param(id,value_text,created_by,id_primary_need)values(2234,'Valori nella norma',251,11);
insert into event_extra_param(id,value_text,created_by,id_primary_need)values(2235,'Valori nella norma',122,12);
insert into event_extra_param(id,value_text,created_by,id_primary_need)values(2236,'Valori nella norma',38,13);
insert into event_extra_param(id,value_text,created_by,id_primary_need)values(2237,'Valori nella norma',103,14);
insert into event_extra_param(id,value_text,created_by,id_primary_need)values(2238,'Valori nella norma',121,15);
insert into event_extra_param(id,value_text,created_by,id_primary_need)values(2239,'Valori nella norma',136,16);
insert into event_extra_param(id,value_text,created_by,id_primary_need)values(2240,'Valori nella norma',274,17);
insert into event_extra_param(id,value_text,created_by,id_primary_need)values(2241,'Valori nella norma',183,18);
insert into event_extra_param(id,value_text,created_by,id_primary_need)values(2242,'Valori nella norma',166,19);
insert into event_extra_param(id,value_text,created_by,id_primary_need)values(2243,'Valori nella norma',227,20);
insert into event_extra_param(id,value_text,created_by,id_primary_need)values(2244,'Valori nella norma',98,21);
insert into event_extra_param(id,value_text,created_by,id_primary_need)values(2245,'Valori nella norma',205,22);
insert into event_extra_param(id,value_text,created_by,id_primary_need)values(2246,'Valori nella norma',185,23);
insert into event_extra_param(id,value_text,created_by,id_primary_need)values(2247,'Valori nella norma',161,24);
insert into event_extra_param(id,value_text,created_by,id_primary_need)values(2248,'Valori nella norma',196,25);
insert into event_extra_param(id,value_text,created_by,id_primary_need)values(2249,'Valori nella norma',88,26);
insert into event_extra_param(id,value_text,created_by,id_primary_need)values(2250,'Valori nella norma',134,27);
insert into event_extra_param(id,value_text,created_by,id_primary_need)values(2251,'Valori nella norma',136,28);
insert into event_extra_param(id,value_text,created_by,id_primary_need)values(2252,'Valori nella norma',136,29);
insert into event_extra_param(id,value_text,created_by,id_primary_need)values(2253,'Valori nella norma',260,30);
insert into event_extra_param(id,value_text,created_by,id_primary_need)values(2254,'Valori nella norma',116,31);
insert into event_extra_param(id,value_text,created_by,id_primary_need)values(2255,'Valori nella norma',132,32);
insert into event_extra_param(id,value_text,created_by,id_primary_need)values(2256,'Valori nella norma',271,33);
insert into event_extra_param(id,value_text,created_by,id_primary_need)values(2257,'Valori nella norma',213,34);
insert into event_extra_param(id,value_text,created_by,id_primary_need)values(2258,'Valori nella norma',98,35);
insert into event_extra_param(id,value_text,created_by,id_primary_need)values(2259,'Valori nella norma',145,36);
insert into event_extra_param(id,value_text,created_by,id_primary_need)values(2260,'Valori nella norma',198,37);
insert into event_extra_param(id,value_text,created_by,id_primary_need)values(2261,'Valori nella norma',178,38);
insert into event_extra_param(id,value_text,created_by,id_primary_need)values(2262,'Valori nella norma',106,39);
insert into event_extra_param(id,value_text,created_by,id_primary_need)values(2263,'Valori nella norma',183,40);
insert into event_extra_param(id,value_text,created_by,id_primary_need)values(2264,'Valori nella norma',251,41);
insert into event_extra_param(id,value_text,created_by,id_primary_need)values(2265,'Valori nella norma',209,42);
insert into event_extra_param(id,value_text,created_by,id_primary_need)values(2266,'Valori nella norma',79,43);
insert into event_extra_param(id,value_text,created_by,id_primary_need)values(2267,'Valori nella norma',121,44);
insert into event_extra_param(id,value_text,created_by,id_primary_need)values(2268,'Valori nella norma',169,45);
insert into event_extra_param(id,value_text,created_by,id_primary_need)values(2269,'Valori nella norma',116,46);
insert into event_extra_param(id,value_text,created_by,id_primary_need)values(2270,'Valori nella norma',225,47);
insert into event_extra_param(id,value_text,created_by,id_primary_need)values(2271,'Valori nella norma',133,48);
insert into event_extra_param(id,value_text,created_by,id_primary_need)values(2272,'Valori nella norma',67,49);
insert into event_extra_param(id,value_text,created_by,id_primary_need)values(2273,'Valori nella norma',72,50);
insert into event_extra_param(id,value_text,created_by,id_primary_need)values(2274,'Valori nella norma',225,51);
insert into event_extra_param(id,value_text,created_by,id_primary_need)values(2275,'Valori nella norma',134,52);
insert into event_extra_param(id,value_text,created_by,id_primary_need)values(2276,'Valori nella norma',123,53);
insert into event_extra_param(id,value_text,created_by,id_primary_need)values(2277,'Valori nella norma',164,54);
insert into event_extra_param(id,value_text,created_by,id_primary_need)values(2278,'Valori nella norma',129,55);
insert into event_extra_param(id,value_text,created_by,id_primary_need)values(2279,'Valori nella norma',175,56);
insert into event_extra_param(id,value_text,created_by,id_primary_need)values(2280,'Valori nella norma',170,57);
insert into event_extra_param(id,value_text,created_by,id_primary_need)values(2281,'Valori nella norma',96,58);
insert into event_extra_param(id,value_text,created_by,id_primary_need)values(2282,'Valori nella norma',168,59);
insert into event_extra_param(id,value_text,created_by,id_primary_need)values(2283,'Valori nella norma',147,60);
insert into event_extra_param(id,value_text,created_by,id_primary_need)values(2284,'Valori nella norma',139,61);
insert into event_extra_param(id,value_text,created_by,id_primary_need)values(2285,'Valori nella norma',177,62);
insert into event_extra_param(id,value_text,created_by,id_primary_need)values(2286,'Valori nella norma',117,63);
insert into event_extra_param(id,value_text,created_by,id_primary_need)values(2287,'Valori nella norma',163,64);
insert into event_extra_param(id,value_text,created_by,id_primary_need)values(2288,'Valori nella norma',78,65);
insert into event_extra_param(id,value_text,created_by,id_primary_need)values(2289,'Valori nella norma',228,66);
insert into event_extra_param(id,value_text,created_by,id_primary_need)values(2290,'Valori nella norma',57,67);
insert into event_extra_param(id,value_text,created_by,id_primary_need)values(2291,'Valori nella norma',224,68);
insert into event_extra_param(id,value_text,created_by,id_primary_need)values(2292,'Valori nella norma',184,69);
insert into event_extra_param(id,value_text,created_by,id_primary_need)values(2293,'Valori nella norma',249,70);
insert into event_extra_param(id,value_text,created_by,id_primary_need)values(2294,'Valori nella norma',214,71);
insert into event_extra_param(id,value_text,created_by,id_primary_need)values(2295,'Valori nella norma',258,72);
insert into event_extra_param(id,value_text,created_by,id_primary_need)values(2296,'Valori nella norma',150,73);
insert into event_extra_param(id,value_text,created_by,id_primary_need)values(2297,'Valori nella norma',184,74);
insert into event_extra_param(id,value_text,created_by,id_primary_need)values(2298,'Valori nella norma',186,75);
insert into event_extra_param(id,value_text,created_by,id_primary_need)values(2299,'Valori nella norma',268,76);
insert into event_extra_param(id,value_text,created_by,id_primary_need)values(2300,'Valori nella norma',142,77);
insert into event_extra_param(id,value_text,created_by,id_primary_need)values(2301,'Valori nella norma',154,78);
insert into event_extra_param(id,value_text,created_by,id_primary_need)values(2302,'Valori nella norma',258,79);
insert into event_extra_param(id,value_text,created_by,id_primary_need)values(2303,'Valori nella norma',184,80);
insert into event_extra_param(id,value_text,created_by,id_primary_need)values(2304,'Valori nella norma',72,81);
insert into event_extra_param(id,value_text,created_by,id_primary_need)values(2305,'Valori nella norma',185,82);
insert into event_extra_param(id,value_text,created_by,id_primary_need)values(2306,'Valori nella norma',68,83);
insert into event_extra_param(id,value_text,created_by,id_primary_need)values(2307,'Valori nella norma',81,84);
insert into event_extra_param(id,value_text,created_by,id_primary_need)values(2308,'Valori nella norma',254,85);
insert into event_extra_param(id,value_text,created_by,id_primary_need)values(2309,'Valori nella norma',125,86);
insert into event_extra_param(id,value_text,created_by,id_primary_need)values(2310,'Valori nella norma',250,87);
insert into event_extra_param(id,value_text,created_by,id_primary_need)values(2311,'Valori nella norma',117,88);
insert into event_extra_param(id,value_text,created_by,id_primary_need)values(2312,'Valori nella norma',203,89);
insert into event_extra_param(id,value_text,created_by,id_primary_need)values(2313,'Valori nella norma',244,90);
insert into event_extra_param(id,value_text,created_by,id_primary_need)values(2314,'Valori nella norma',177,91);
insert into event_extra_param(id,value_text,created_by,id_primary_need)values(2315,'Valori nella norma',166,92);
insert into event_extra_param(id,value_text,created_by,id_primary_need)values(2316,'Valori nella norma',238,93);
insert into event_extra_param(id,value_text,created_by,id_primary_need)values(2317,'Valori nella norma',237,94);
insert into event_extra_param(id,value_text,created_by,id_primary_need)values(2318,'Valori nella norma',183,95);
insert into event_extra_param(id,value_text,created_by,id_primary_need)values(2319,'Valori nella norma',83,96);
insert into event_extra_param(id,value_text,created_by,id_primary_need)values(2320,'Valori nella norma',191,97);
insert into event_extra_param(id,value_text,created_by,id_primary_need)values(2321,'Valori nella norma',125,98);
insert into event_extra_param(id,value_text,created_by,id_primary_need)values(2322,'Valori nella norma',150,99);
insert into event_extra_param(id,value_text,created_by,id_primary_need)values(2323,'Valori nella norma',177,100);
insert into event_extra_param(id,value_text,created_by,id_primary_need)values(2324,'Valori nella norma',130,101);
insert into event_extra_param(id,value_text,created_by,id_primary_need)values(2325,'Valori nella norma',111,102);
insert into event_extra_param(id,value_text,created_by,id_primary_need)values(2326,'Valori nella norma',86,103);
insert into event_extra_param(id,value_text,created_by,id_primary_need)values(2327,'Valori nella norma',148,104);
insert into event_extra_param(id,value_text,created_by,id_primary_need)values(2328,'Valori nella norma',92,105);
insert into event_extra_param(id,value_text,created_by,id_primary_need)values(2329,'Valori nella norma',213,106);
insert into event_extra_param(id,value_text,created_by,id_primary_need)values(2330,'Valori nella norma',141,107);
insert into event_extra_param(id,value_text,created_by,id_primary_need)values(2331,'Valori nella norma',57,108);
insert into event_extra_param(id,value_text,created_by,id_primary_need)values(2332,'Valori nella norma',241,109);
insert into event_extra_param(id,value_text,created_by,id_primary_need)values(2333,'Valori nella norma',117,110);
insert into event_extra_param(id,value_text,created_by,id_primary_need)values(2334,'Valori nella norma',264,111);
insert into event_extra_param(id,value_text,created_by,id_primary_need)values(2335,'Valori nella norma',198,112);
insert into event_extra_param(id,value_text,created_by,id_primary_need)values(2336,'Valori nella norma',145,113);
insert into event_extra_param(id,value_text,created_by,id_primary_need)values(2337,'Valori nella norma',79,114);
insert into event_extra_param(id,value_text,created_by,id_primary_need)values(2338,'Valori nella norma',95,115);
insert into event_extra_param(id,value_text,created_by,id_primary_need)values(2339,'Valori nella norma',200,116);
insert into event_extra_param(id,value_text,created_by,id_primary_need)values(2340,'Valori nella norma',236,117);
insert into event_extra_param(id,value_text,created_by,id_primary_need)values(2341,'Valori nella norma',72,118);
insert into event_extra_param(id,value_text,created_by,id_primary_need)values(2342,'Valori nella norma',224,119);
insert into event_extra_param(id,value_text,created_by,id_primary_need)values(2343,'Valori nella norma',191,120);
insert into event_extra_param(id,value_text,created_by,id_primary_need)values(2344,'Valori nella norma',128,121);
insert into event_extra_param(id,value_text,created_by,id_primary_need)values(2345,'Valori nella norma',101,122);
insert into event_extra_param(id,value_text,created_by,id_primary_need)values(2346,'Valori nella norma',227,123);
insert into event_extra_param(id,value_text,created_by,id_primary_need)values(2347,'Valori nella norma',153,124);
insert into event_extra_param(id,value_text,created_by,id_primary_need)values(2348,'Valori nella norma',204,125);
insert into event_extra_param(id,value_text,created_by,id_primary_need)values(2349,'Valori nella norma',241,126);
insert into event_extra_param(id,value_text,created_by,id_primary_need)values(2350,'Valori nella norma',67,127);
insert into event_extra_param(id,value_text,created_by,id_primary_need)values(2351,'Valori nella norma',75,128);
insert into event_extra_param(id,value_text,created_by,id_primary_need)values(2352,'Valori nella norma',203,129);
insert into event_extra_param(id,value_text,created_by,id_primary_need)values(2353,'Valori nella norma',101,130);
insert into event_extra_param(id,value_text,created_by,id_primary_need)values(2354,'Valori nella norma',118,131);
insert into event_extra_param(id,value_text,created_by,id_primary_need)values(2355,'Valori nella norma',208,132);
insert into event_extra_param(id,value_text,created_by,id_primary_need)values(2356,'Valori nella norma',82,133);
insert into event_extra_param(id,value_text,created_by,id_primary_need)values(2357,'Valori nella norma',161,134);
insert into event_extra_param(id,value_text,created_by,id_primary_need)values(2358,'Valori nella norma',228,135);
insert into event_extra_param(id,value_text,created_by,id_primary_need)values(2359,'Valori nella norma',220,136);
insert into event_extra_param(id,value_text,created_by,id_primary_need)values(2360,'Valori nella norma',143,137);
insert into event_extra_param(id,value_text,created_by,id_primary_need)values(2361,'Valori nella norma',272,138);
insert into event_extra_param(id,value_text,created_by,id_primary_need)values(2362,'Valori nella norma',83,139);
insert into event_extra_param(id,value_text,created_by,id_primary_need)values(2363,'Valori nella norma',183,140);
insert into event_extra_param(id,value_text,created_by,id_primary_need)values(2364,'Valori nella norma',268,141);
insert into event_extra_param(id,value_text,created_by,id_primary_need)values(2365,'Valori nella norma',67,142);
insert into event_extra_param(id,value_text,created_by,id_primary_need)values(2366,'Valori nella norma',135,143);
insert into event_extra_param(id,value_text,created_by,id_primary_need)values(2367,'Valori nella norma',141,144);
insert into event_extra_param(id,value_text,created_by,id_primary_need)values(2368,'Valori nella norma',195,145);
insert into event_extra_param(id,value_text,created_by,id_primary_need)values(2369,'Valori nella norma',99,146);
insert into event_extra_param(id,value_text,created_by,id_primary_need)values(2370,'Valori nella norma',165,147);
insert into event_extra_param(id,value_text,created_by,id_primary_need)values(2371,'Valori nella norma',103,148);
insert into event_extra_param(id,value_text,created_by,id_primary_need)values(2372,'Valori nella norma',86,149);
insert into event_extra_param(id,value_text,created_by,id_primary_need)values(2373,'Valori nella norma',165,150);
insert into event_extra_param(id,value_text,created_by,id_primary_need)values(2374,'Valori nella norma',95,151);
insert into event_extra_param(id,value_text,created_by,id_primary_need)values(2375,'Valori nella norma',112,152);
insert into event_extra_param(id,value_text,created_by,id_primary_need)values(2376,'Valori nella norma',212,153);
insert into event_extra_param(id,value_text,created_by,id_primary_need)values(2377,'Valori nella norma',274,154);
insert into event_extra_param(id,value_text,created_by,id_primary_need)values(2378,'Valori nella norma',81,155);
insert into event_extra_param(id,value_text,created_by,id_primary_need)values(2379,'Valori nella norma',140,156);
insert into event_extra_param(id,value_text,created_by,id_primary_need)values(2380,'Valori nella norma',88,157);
insert into event_extra_param(id,value_text,created_by,id_primary_need)values(2381,'Valori nella norma',98,158);
insert into event_extra_param(id,value_text,created_by,id_primary_need)values(2382,'Valori nella norma',68,159);
insert into event_extra_param(id,value_text,created_by,id_primary_need)values(2383,'Valori nella norma',268,160);
insert into event_extra_param(id,value_text,created_by,id_primary_need)values(2384,'Valori nella norma',156,161);
insert into event_extra_param(id,value_text,created_by,id_primary_need)values(2385,'Valori nella norma',163,162);
insert into event_extra_param(id,value_text,created_by,id_primary_need)values(2386,'Valori nella norma',128,163);
insert into event_extra_param(id,value_text,created_by,id_primary_need)values(2387,'Valori nella norma',190,164);
insert into event_extra_param(id,value_text,created_by,id_primary_need)values(2388,'Valori nella norma',217,165);
insert into event_extra_param(id,value_text,created_by,id_primary_need)values(2389,'Valori nella norma',183,166);
insert into event_extra_param(id,value_text,created_by,id_primary_need)values(2390,'Valori nella norma',113,167);
insert into event_extra_param(id,value_text,created_by,id_primary_need)values(2391,'Valori nella norma',161,168);
insert into event_extra_param(id,value_text,created_by,id_primary_need)values(2392,'Valori nella norma',137,169);
insert into event_extra_param(id,value_text,created_by,id_primary_need)values(2393,'Valori nella norma',207,170);
insert into event_extra_param(id,value_text,created_by,id_primary_need)values(2394,'Valori nella norma',209,171);

#FREQUENZA CARDIACA
insert into event_extra_param(id,value_text,created_by,id_primary_need)values(2395,'Regolare',110,172);
insert into event_extra_param(id,value_text,created_by,id_primary_need)values(2396,'Regolare',163,173);
insert into event_extra_param(id,value_text,created_by,id_primary_need)values(2397,'Regolare',79,174);
insert into event_extra_param(id,value_text,created_by,id_primary_need)values(2398,'Regolare',105,175);
insert into event_extra_param(id,value_text,created_by,id_primary_need)values(2399,'Regolare',97,176);
insert into event_extra_param(id,value_text,created_by,id_primary_need)values(2400,'Regolare',160,177);
insert into event_extra_param(id,value_text,created_by,id_primary_need)values(2401,'Regolare',84,178);
insert into event_extra_param(id,value_text,created_by,id_primary_need)values(2402,'Regolare',254,179);
insert into event_extra_param(id,value_text,created_by,id_primary_need)values(2403,'Regolare',164,180);
insert into event_extra_param(id,value_text,created_by,id_primary_need)values(2404,'Regolare',241,181);
insert into event_extra_param(id,value_text,created_by,id_primary_need)values(2405,'Regolare',160,182);
insert into event_extra_param(id,value_text,created_by,id_primary_need)values(2406,'Regolare',177,183);
insert into event_extra_param(id,value_text,created_by,id_primary_need)values(2407,'Regolare',236,184);
insert into event_extra_param(id,value_text,created_by,id_primary_need)values(2408,'Regolare',198,185);
insert into event_extra_param(id,value_text,created_by,id_primary_need)values(2409,'Regolare',153,186);
insert into event_extra_param(id,value_text,created_by,id_primary_need)values(2410,'Regolare',63,187);
insert into event_extra_param(id,value_text,created_by,id_primary_need)values(2411,'Regolare',150,188);
insert into event_extra_param(id,value_text,created_by,id_primary_need)values(2412,'Regolare',141,189);
insert into event_extra_param(id,value_text,created_by,id_primary_need)values(2413,'Regolare',214,190);
insert into event_extra_param(id,value_text,created_by,id_primary_need)values(2414,'Regolare',162,191);
insert into event_extra_param(id,value_text,created_by,id_primary_need)values(2415,'Regolare',114,192);
insert into event_extra_param(id,value_text,created_by,id_primary_need)values(2416,'Regolare',109,193);
insert into event_extra_param(id,value_text,created_by,id_primary_need)values(2417,'Regolare',271,194);
insert into event_extra_param(id,value_text,created_by,id_primary_need)values(2418,'Regolare',184,195);
insert into event_extra_param(id,value_text,created_by,id_primary_need)values(2419,'Regolare',82,196);
insert into event_extra_param(id,value_text,created_by,id_primary_need)values(2420,'Regolare',184,197);
insert into event_extra_param(id,value_text,created_by,id_primary_need)values(2421,'Regolare',212,198);
insert into event_extra_param(id,value_text,created_by,id_primary_need)values(2422,'Regolare',100,199);
insert into event_extra_param(id,value_text,created_by,id_primary_need)values(2423,'Regolare',254,200);
insert into event_extra_param(id,value_text,created_by,id_primary_need)values(2424,'Regolare',260,201);
insert into event_extra_param(id,value_text,created_by,id_primary_need)values(2425,'Regolare',123,202);
insert into event_extra_param(id,value_text,created_by,id_primary_need)values(2426,'Regolare',113,203);
insert into event_extra_param(id,value_text,created_by,id_primary_need)values(2427,'Regolare',264,204);
insert into event_extra_param(id,value_text,created_by,id_primary_need)values(2428,'Regolare',68,205);
insert into event_extra_param(id,value_text,created_by,id_primary_need)values(2429,'Regolare',125,206);
insert into event_extra_param(id,value_text,created_by,id_primary_need)values(2430,'Regolare',154,207);
insert into event_extra_param(id,value_text,created_by,id_primary_need)values(2431,'Regolare',99,208);
insert into event_extra_param(id,value_text,created_by,id_primary_need)values(2432,'Regolare',78,209);
insert into event_extra_param(id,value_text,created_by,id_primary_need)values(2433,'Regolare',275,210);
insert into event_extra_param(id,value_text,created_by,id_primary_need)values(2434,'Regolare',115,211);
insert into event_extra_param(id,value_text,created_by,id_primary_need)values(2435,'Regolare',91,212);
insert into event_extra_param(id,value_text,created_by,id_primary_need)values(2436,'Regolare',257,213);
insert into event_extra_param(id,value_text,created_by,id_primary_need)values(2437,'Regolare',158,214);
insert into event_extra_param(id,value_text,created_by,id_primary_need)values(2438,'Regolare',154,215);
insert into event_extra_param(id,value_text,created_by,id_primary_need)values(2439,'Regolare',74,216);
insert into event_extra_param(id,value_text,created_by,id_primary_need)values(2440,'Regolare',160,217);
insert into event_extra_param(id,value_text,created_by,id_primary_need)values(2441,'Regolare',260,218);
insert into event_extra_param(id,value_text,created_by,id_primary_need)values(2442,'Regolare',218,219);
insert into event_extra_param(id,value_text,created_by,id_primary_need)values(2443,'Regolare',169,220);
insert into event_extra_param(id,value_text,created_by,id_primary_need)values(2444,'Regolare',214,221);
insert into event_extra_param(id,value_text,created_by,id_primary_need)values(2445,'Regolare',254,222);
insert into event_extra_param(id,value_text,created_by,id_primary_need)values(2446,'Regolare',64,223);
insert into event_extra_param(id,value_text,created_by,id_primary_need)values(2447,'Regolare',121,224);
insert into event_extra_param(id,value_text,created_by,id_primary_need)values(2448,'Regolare',86,225);
insert into event_extra_param(id,value_text,created_by,id_primary_need)values(2449,'Regolare',128,226);
insert into event_extra_param(id,value_text,created_by,id_primary_need)values(2450,'Regolare',118,227);
insert into event_extra_param(id,value_text,created_by,id_primary_need)values(2451,'Regolare',125,228);

#TEMPERATURA CORPOREA
insert into event_extra_param(id,value_text,created_by,id_primary_need)values(2452,'Temperatura normale',116,229);
insert into event_extra_param(id,value_text,created_by,id_primary_need)values(2453,'Temperatura normale',154,230);
insert into event_extra_param(id,value_text,created_by,id_primary_need)values(2454,'Temperatura normale',89,231);
insert into event_extra_param(id,value_text,created_by,id_primary_need)values(2455,'Temperatura normale',250,232);
insert into event_extra_param(id,value_text,created_by,id_primary_need)values(2456,'Temperatura normale',225,233);
insert into event_extra_param(id,value_text,created_by,id_primary_need)values(2457,'Temperatura normale',199,234);
insert into event_extra_param(id,value_text,created_by,id_primary_need)values(2458,'Temperatura normale',63,235);
insert into event_extra_param(id,value_text,created_by,id_primary_need)values(2459,'Temperatura normale',265,236);
insert into event_extra_param(id,value_text,created_by,id_primary_need)values(2460,'Temperatura normale',107,237);
insert into event_extra_param(id,value_text,created_by,id_primary_need)values(2461,'Temperatura normale',116,238);
insert into event_extra_param(id,value_text,created_by,id_primary_need)values(2462,'Temperatura normale',102,239);
insert into event_extra_param(id,value_text,created_by,id_primary_need)values(2463,'Temperatura normale',248,240);
insert into event_extra_param(id,value_text,created_by,id_primary_need)values(2464,'Temperatura normale',254,241);
insert into event_extra_param(id,value_text,created_by,id_primary_need)values(2465,'Temperatura normale',92,242);
insert into event_extra_param(id,value_text,created_by,id_primary_need)values(2466,'Temperatura normale',71,243);
insert into event_extra_param(id,value_text,created_by,id_primary_need)values(2467,'Temperatura normale',38,244);
insert into event_extra_param(id,value_text,created_by,id_primary_need)values(2468,'Temperatura normale',196,245);
insert into event_extra_param(id,value_text,created_by,id_primary_need)values(2469,'Temperatura normale',258,246);
insert into event_extra_param(id,value_text,created_by,id_primary_need)values(2470,'Temperatura normale',121,247);
insert into event_extra_param(id,value_text,created_by,id_primary_need)values(2471,'Temperatura normale',156,248);
insert into event_extra_param(id,value_text,created_by,id_primary_need)values(2472,'Temperatura normale',103,249);
insert into event_extra_param(id,value_text,created_by,id_primary_need)values(2473,'Temperatura normale',241,250);
insert into event_extra_param(id,value_text,created_by,id_primary_need)values(2474,'Temperatura normale',254,251);
insert into event_extra_param(id,value_text,created_by,id_primary_need)values(2475,'Temperatura normale',175,252);
insert into event_extra_param(id,value_text,created_by,id_primary_need)values(2476,'Temperatura normale',88,253);

#------------------------------------        FINE INDICATOR STATO DI SALUTE        ------------------------------------#